{
  "version": 1,
  "author": "vicky",
  "editor": "wokwi",
  "parts": [
    { "type": "wokwi-arduino-uno", "id": "uno", "top": 110.62, "left": 5.24, "attrs": {} },
    {
      "type": "wokwi-hc-sr04",
      "id": "ultrasonic1",
      "top": 57.47,
      "left": -228.85,
      "attrs": { "distance": "356" }
    },
    {
      "type": "wokwi-led",
      "id": "led1",
      "top": 7.16,
      "left": 213.76,
      "attrs": { "color": "red" }
    },
    {
      "type": "wokwi-buzzer",
      "id": "bz1",
      "top": -59.89,
      "left": 94.33,
      "attrs": { "volume": "0.1" }
    },
    {
      "type": "wokwi-pir-motion-sensor",
      "id": "pir1",
      "top": 169.6,
      "left": -293.92,
      "attrs": {}
    },
    {
      "type": "wokwi-led",
      "id": "led2",
      "top": 246.27,
      "left": -355,
      "attrs": { "color": "red" }
    }
  ],
  "connections": [
    [ "ultrasonic1:GND", "uno:GND.2", "black", [ "v200.07", "h289.67" ] ],
    [ "ultrasonic1:ECHO", "uno:13", "green", [ "v67.4", "h134.34", "v-152", "h135.33" ] ],
    [ "ultrasonic1:TRIG", "uno:12", "green", [ "v86.07", "h137", "v-147.33", "h149.33" ] ],
    [ "ultrasonic1:VCC", "uno:5V", "red", [ "v176.73", "h325" ] ],
    [ "led1:A", "uno:2", "red", [ "v0" ] ],
    [ "led1:C", "uno:GND.1", "black", [ "v13.86", "h-108.02" ] ],
    [ "bz1:1", "uno:GND.1", "black", [ "v-3", "h-52.33" ] ],
    [ "bz1:2", "uno:10", "red", [ "v13.67", "h-23.5" ] ],
    [ "uno:GND.3", "led2:C", "black", [ "v61.57", "h-523.24" ] ],
    [ "led2:A", "uno:6", "green", [ "v87.42", "h625.67", "v-272.67", "h-93.33" ] ],
    [ "pir1:VCC", "uno:5V", "red", [ "v83.42", "h425.41" ] ],
    [ "pir1:GND", "uno:GND.3", "black", [ "v109.42", "h421.95" ] ],
    [ "pir1:OUT", "uno:4", "green", [ "v9.42", "h205.67", "v-198.67", "h256" ] ]
  ],
  "dependencies": {}
}